[
    {
        "charType": "all",
        "charIndex": 17,
        "charLabel": "Зегьы",
        "active": false
    },
    {
        "charType": "f",
        "charIndex": 718,
        "charLabel": "Аҳәса 1",
        "active": false
    },
    {
        "charType": "m",
        "charIndex": 699,
        "charLabel": "Ахаҵа 1",
        "active": false
    },
    {
        "charType": "m+f",
        "charIndex": 0,
        "charLabel": "Ахаҵа 2",
        "active": true
    },
    {
        "charType": "mw",
        "charIndex": 110,
        "charLabel": "Аҳәса 2",
        "active": false
    }
]